recording_id,true_label,n_windows,pct_predicted_FALL,pct_predicted_TWISTING,pct_correct,avg_FALL_proba,max_FALL_proba,avg_TWISTING_proba,max_TWISTING_proba,v5_saw_in_training,v5_saw_in_its_own_test,v5_never_saw_this_recording,dist_to_NORMAL_centroid,dist_to_FALL_centroid,dist_to_TWISTING_centroid,closer_to_FALL_than_NORMAL,closer_to_TWISTING_than_NORMAL,statistical_outlier_features,raw_quality_problems,saturation_pct_of_samples,saturation_max_consecutive_run,suspicion_score,classification
normal_043,NORMAL,19,42.10526315789474,10.526315789473685,42.10526315789474,0.39998769760131836,0.9749343395233154,0.13891316950321198,0.9853312969207764,False,False,True,1.8910961148082894,1.4819464497670385,2.89432775240333,True,False,,,3.1,28,115.52505215092711,POSSIBLE_MISLABEL
normal_045,NORMAL,19,21.05263157894737,31.57894736842105,42.10526315789474,0.21996119618415833,0.9802331924438477,0.2815818190574646,0.9986579418182373,False,False,True,3.5188937741202686,2.8601816963017903,1.919862270042623,True,True,acc_mag_max(z=2.54),SUSTAINED_SATURATION_IN_CALM_CLASS:31consecutive_samples,5.016666666666667,31,108.48248653411865,POSSIBLE_MISLABEL
normal_059,NORMAL,19,15.789473684210526,21.05263157894737,63.1578947368421,0.16895250976085663,0.9793070554733276,0.19677652418613434,0.9890187978744507,False,False,True,2.020572154199057,2.007495198064249,2.842289270505604,True,False,,SUSTAINED_SATURATION_IN_CALM_CLASS:60consecutive_samples,4.25,60,105.37371080800106,POSSIBLE_MISLABEL
normal_051,NORMAL,19,26.31578947368421,10.526315789473685,36.8421052631579,0.22982431948184967,0.9672223329544067,0.10726466774940491,0.9666069149971008,False,False,True,2.005026346291662,1.7638865885308015,3.1842766413181205,True,False,,,1.1666666666666667,23,97.5526105654867,POSSIBLE_MISLABEL
normal_057,NORMAL,19,21.05263157894737,15.789473684210526,52.63157894736842,0.2195364087820053,0.9616969227790833,0.19139288365840912,0.9818465113639832,False,False,True,3.0228682095403894,2.5911721041665357,1.7802779375838331,True,True,,,4.05,26,96.43112292791668,POSSIBLE_MISLABEL
normal_058,NORMAL,19,36.8421052631579,21.05263157894737,21.05263157894737,0.26554930210113525,0.5649169087409973,0.2422085851430893,0.9267346262931824,False,False,True,3.912341574586144,3.416033836734649,1.7328042601433837,True,True,,,2.966666666666667,19,96.30505308602986,POSSIBLE_MISLABEL
normal_050,NORMAL,19,15.789473684210526,21.05263157894737,57.89473684210526,0.20857369899749756,0.9676721692085266,0.1903829574584961,0.9957634210586548,False,False,True,2.4681192742332914,2.1613388485437577,2.1183765312301888,True,True,,,3.2333333333333334,25,94.5432078210931,POSSIBLE_MISLABEL
normal_030,NORMAL,8,37.5,12.5,50.0,0.23950126767158508,0.6218491196632385,0.1014515832066536,0.7921255230903625,False,True,False,3.526676743131132,2.5785125693627124,2.717757803098329,True,True,jerk_max(z=3.47),,3.006012024048096,27,93.81647524833679,DIFFICULT_BUT_VALID_DATA
normal_056,NORMAL,19,36.8421052631579,0.0,63.1578947368421,0.4115866720676422,0.9577006101608276,0.0010154355550184846,0.0028753920923918486,False,False,True,1.1447519927262,1.3510890087031724,3.9576620206916124,False,False,,,1.0666666666666667,21,81.50763751143883,DIFFICULT_BUT_VALID_DATA
normal_060,NORMAL,19,31.57894736842105,0.0,68.42105263157895,0.3386228084564209,0.9447591304779053,0.006792251020669937,0.07980159670114517,False,False,True,1.0364774403203767,1.738996558824622,3.759735236530197,False,False,,,0.4666666666666667,14,75.16534452156017,DIFFICULT_BUT_VALID_DATA
normal_039,NORMAL,9,33.333333333333336,0.0,66.66666666666667,0.3063412308692932,0.7363142371177673,0.04613952711224556,0.1514357626438141,False,False,True,2.3054165556131525,1.6750469516117368,2.556124269529457,True,False,,,2.9,29,74.51461807092032,POSSIBLE_MISLABEL
normal_044,NORMAL,19,21.05263157894737,0.0,73.6842105263158,0.21331410109996796,0.9293590188026428,0.03124760277569294,0.21258629858493805,False,False,True,1.7501980495189855,1.9088503743242289,2.8100313767451737,False,False,,,0.95,14,66.67871830275185,DIFFICULT_BUT_VALID_DATA
normal_020,NORMAL,38,23.68421052631579,0.0,76.3157894736842,0.24111776053905487,0.9871275424957275,0.00042688410030677915,0.004259215202182531,False,True,False,1.193229920654358,2.2824022954214414,5.611385332025492,False,False,,,0.0750375187593797,5,64.75449653018855,DIFFICULT_BUT_VALID_DATA
normal_054,NORMAL,19,21.05263157894737,0.0,78.94736842105263,0.2510744333267212,0.973652720451355,0.0008137405384331942,0.0024256121832877398,False,False,True,1.6379755821108986,2.386184105381328,5.987234110217606,False,False,,,0.23333333333333334,5,61.547252640667324,DIFFICULT_BUT_VALID_DATA
normal_046,NORMAL,18,11.11111111111111,5.555555555555555,77.77777777777777,0.1126551479101181,0.6647769808769226,0.09248760342597961,0.6003687381744385,False,False,True,1.4002450287380406,1.8196310153135666,3.6784654080516073,False,False,jerk_mean(z=-2.66),,0.3670337003670337,11,56.342898443010114,DIFFICULT_BUT_VALID_DATA
normal_049,NORMAL,19,5.2631578947368425,10.526315789473685,42.10526315789474,0.07945792376995087,0.4975188672542572,0.08304346352815628,0.8673664331436157,False,False,True,2.0970649297900716,1.9188677820304496,2.8603480383944517,True,False,,,1.6166666666666667,21,55.127030721463655,NO_PROBLEM_FOUND
normal_047,NORMAL,19,10.526315789473685,0.0,89.47368421052632,0.12292557954788208,0.9382261633872986,0.005348659120500088,0.017353946343064308,False,False,True,1.020869550561995,1.6089961049515926,3.8400252542182938,False,False,,,0.4166666666666667,22,55.002441251826916,DIFFICULT_BUT_VALID_DATA
normal_027,NORMAL,8,12.5,0.0,87.5,0.15867991745471954,0.984217643737793,0.0017490281024947762,0.009107849560678005,False,True,False,0.48220620756923305,1.5662883376055556,4.681959351635616,False,False,,,0.06680026720106881,2,52.65086274072528,DIFFICULT_BUT_VALID_DATA
normal_053,NORMAL,19,5.2631578947368425,10.526315789473685,63.1578947368421,0.11207067221403122,0.6387004256248474,0.061061665415763855,0.5786463618278503,False,False,True,2.0264718393353216,1.9546270253631022,3.2537096289880294,True,False,jerk_mean(z=3.15),,0.34965034965034963,9,51.39989162997196,DIFFICULT_BUT_VALID_DATA
normal_042,NORMAL,19,0.0,10.526315789473685,52.63157894736842,0.053757697343826294,0.3317166864871979,0.11491430550813675,0.9639800190925598,False,False,True,1.8346635931972395,1.9468988596981969,3.268497369880105,False,False,,,0.38333333333333336,19,44.56405731502333,NO_PROBLEM_FOUND
normal_016,NORMAL,38,7.894736842105263,0.0,92.10526315789474,0.08679285645484924,0.8869689106941223,0.00019409929518587887,0.0005648867809213698,False,True,False,1.839324083789455,2.9476143136479256,6.231064362573796,False,False,,,0.0,0,43.38479100548858,DIFFICULT_BUT_VALID_DATA
normal_041,NORMAL,19,10.526315789473685,0.0,78.94736842105263,0.1264110952615738,0.6655011773109436,0.008031639270484447,0.05134740471839905,False,False,True,0.614897490028023,1.605922091351159,4.24984107740191,False,False,,,0.08333333333333333,5,39.67331097627941,DIFFICULT_BUT_VALID_DATA
normal_048,NORMAL,19,5.2631578947368425,0.0,63.1578947368421,0.1187896579504013,0.4597233235836029,0.028307760134339333,0.11843086779117584,False,False,True,1.7250036841448229,1.9235707081266082,3.17985983937463,False,False,,,0.5166666666666667,16,30.820708193904476,NO_PROBLEM_FOUND
normal_052,NORMAL,19,5.2631578947368425,0.0,84.21052631578948,0.11590080708265305,0.47929665446281433,0.017340516671538353,0.07480501383543015,False,False,True,1.7520827497925677,1.732135907928787,3.840565717427008,True,False,,,0.2833333333333333,6,27.73112434995802,NO_PROBLEM_FOUND
normal_014,NORMAL,39,0.0,0.0,100.0,0.04836569353938103,0.45308148860931396,0.0002582225715741515,0.0035678783897310495,False,True,False,1.9081222590176516,2.9300251621073947,6.32420962365239,False,False,,,0.025,2,18.79461711216718,NO_PROBLEM_FOUND
normal_055,NORMAL,19,0.0,0.0,100.0,0.06978601217269897,0.39329054951667786,0.00046816261601634324,0.0012853211956098676,False,False,True,3.4089060435195235,4.392434943062511,7.7986819502145295,False,False,,,0.0,0,15.757328404579312,NO_PROBLEM_FOUND
normal_038,NORMAL,9,0.0,0.0,100.0,0.020925117656588554,0.06551265716552734,0.011031006462872028,0.08926660567522049,False,False,True,1.6266369981730113,2.3409563989372226,3.277670952348268,False,False,,,1.9,17,9.505838400125503,NO_PROBLEM_FOUND
normal_037,NORMAL,9,0.0,0.0,100.0,0.03999300301074982,0.21452990174293518,6.227158155525103e-05,0.000147958766319789,False,False,True,2.2905924922386873,3.430221890064267,6.615145965345454,False,False,,,0.0,0,8.584155245043803,NO_PROBLEM_FOUND
normal_024,NORMAL,9,0.0,0.0,100.0,0.006249815225601196,0.014529814943671227,0.0005815343465656042,0.0025614614132791758,True,False,False,2.040204618030906,1.3285281959367083,3.185652667031629,True,False,,,1.6,26,8.432421826012433,NO_PROBLEM_FOUND
normal_029,NORMAL,9,0.0,0.0,100.0,0.0045888908207416534,0.010151764377951622,0.002625394146889448,0.012187658809125423,True,False,False,2.0600866794652766,2.295576431135338,2.6024253420385075,False,False,,,2.533333333333333,24,7.849823751300573,NO_PROBLEM_FOUND
normal_032,NORMAL,19,0.0,0.0,100.0,0.0013190959580242634,0.004908083006739616,0.0012800463009625673,0.01009023655205965,True,False,False,2.526571823885442,2.1913228071279964,2.0742818554800357,True,True,,,1.7833333333333334,24,7.598128051310777,NO_PROBLEM_FOUND
normal_035,NORMAL,19,0.0,0.0,100.0,0.0033401960972696543,0.018519019708037376,0.0002430404128972441,0.002460270654410124,True,False,False,2.325721713927074,1.6001373940348764,2.650474283059009,True,False,,,1.2166666666666666,22,7.389966201409697,NO_PROBLEM_FOUND
normal_022,NORMAL,8,0.0,0.0,100.0,0.04397224262356758,0.13621389865875244,0.0028275339864194393,0.011459418572485447,False,True,False,1.0530968223946184,1.3952600737120264,4.9309898204525835,False,False,,,0.0,0,5.677744317799807,NO_PROBLEM_FOUND
normal_017,NORMAL,38,0.0,0.0,100.0,0.007321170996874571,0.028036950156092644,0.00021225365344434977,0.0018439601408317685,True,False,False,1.0176627783829983,2.3832048352956305,5.081860597837426,False,False,,,0.2001000500250125,14,5.358357209060341,NO_PROBLEM_FOUND
normal_028,NORMAL,9,0.0,0.0,100.0,0.001623168122023344,0.0035943384282290936,0.004374050069600344,0.010429754853248596,True,False,False,2.828715636301933,2.8275623175034887,1.9572783778657066,True,True,,,2.966666666666667,16,5.1523686341941355,NO_PROBLEM_FOUND
normal_025,NORMAL,9,0.0,0.0,100.0,0.0273035429418087,0.09815659373998642,0.005541292950510979,0.041246477514505386,False,True,False,0.8312565375432156,2.0257440724841405,4.948920218177806,False,False,,,0.0,0,4.7511932998895645,NO_PROBLEM_FOUND
normal_036,NORMAL,9,0.0,0.0,100.0,0.024377617985010147,0.09397546947002411,0.00037958426401019096,0.0013826147187501192,False,False,True,1.215893909776999,2.3783568843309504,5.493259967840516,False,False,,,0.0,0,3.7866710731759667,NO_PROBLEM_FOUND
normal_031,NORMAL,19,0.0,0.0,100.0,0.0021296727936714888,0.012031437829136848,0.0009409796912223101,0.007319125812500715,True,False,False,2.267909157892963,1.4867977248300641,2.811366748840314,True,False,,,1.1333333333333333,9,3.327640029415488,NO_PROBLEM_FOUND
normal_034,NORMAL,8,0.0,0.0,100.0,0.0036700512282550335,0.01974097080528736,0.00015049373905640095,0.00047251314390450716,True,False,False,1.8757755861295178,0.9454628471244138,3.4400577044421996,True,False,,,0.6012024048096193,5,2.2990890950895846,NO_PROBLEM_FOUND
normal_040,NORMAL,9,0.0,0.0,100.0,0.010707267560064793,0.047109443694353104,0.0016906968085095286,0.00914913322776556,False,False,True,0.7262962905652333,1.9440633713752988,5.0361466318185535,False,False,,,0.0,0,2.0673604123294353,NO_PROBLEM_FOUND
normal_011,NORMAL,39,0.0,0.0,100.0,0.0013082840014249086,0.016477622091770172,5.7636701967567205e-05,0.0004278687702026218,True,False,False,3.2965655828746883,4.213373195040076,7.6995561780811315,False,False,,,0.05,4,1.8676622590748593,NO_PROBLEM_FOUND
normal_018,NORMAL,38,0.0,0.0,100.0,0.002563889604061842,0.011732911691069603,0.00012029935169266537,0.0006764540448784828,True,False,False,0.8683229988344253,2.109285114486034,5.185056827648414,False,False,,,0.06670001667500416,4,1.6828455485403537,NO_PROBLEM_FOUND
normal_015,NORMAL,39,0.0,0.0,100.0,0.003264892613515258,0.0175417959690094,8.911374607123435e-05,0.00027691919240169227,True,False,False,1.5851060458633708,2.49788212023213,6.017222495750355,False,False,,,0.05,3,1.6072102226084097,NO_PROBLEM_FOUND
normal_023,NORMAL,8,0.0,0.0,100.0,0.00217077718116343,0.008810137398540974,0.00034243767731823027,0.0008000654052011669,True,False,False,1.7994548900992289,0.710083143740805,3.728395136443149,True,False,,,0.13360053440213762,4,1.5684068040456622,NO_PROBLEM_FOUND
normal_008,NORMAL,18,0.0,0.0,100.0,0.0031049130484461784,0.017628265544772148,0.00011350241402396932,0.00036604065098799765,True,False,False,1.9691250341395163,3.0775149178799195,6.345666733327064,False,False,,,0.0,0,0.7124514348106459,NO_PROBLEM_FOUND
normal_010,NORMAL,19,0.0,0.0,100.0,0.0027120255399495363,0.015581698156893253,4.3924490455538034e-05,0.00014168037159834057,True,False,False,2.8927171381178622,3.899509996313135,7.280900250511377,False,False,,,0.0,0,0.6261015337076969,NO_PROBLEM_FOUND
normal_003,NORMAL,19,0.0,0.0,100.0,0.0010355354752391577,0.015418138355016708,3.495052078505978e-05,0.00022139267821330577,True,False,False,2.364238009601605,3.453180431577521,6.719256167354836,False,False,,,0.0,0,0.6211533877649345,NO_PROBLEM_FOUND
normal_026,NORMAL,9,0.0,0.0,100.0,0.004533042199909687,0.012784604914486408,0.00024247559485957026,0.0008151266374625266,True,False,False,1.0511698082272913,1.6684023572866957,5.29964860398032,False,False,,,0.0,0,0.5276867293287069,NO_PROBLEM_FOUND
normal_007,NORMAL,19,0.0,0.0,100.0,0.0026567047461867332,0.011216682381927967,0.00012321049871388823,0.0002757664187811315,True,False,False,1.6879178399574735,2.8290112174576647,6.0557558896842085,False,False,,,0.0,0,0.4541826236527413,NO_PROBLEM_FOUND
normal_006,NORMAL,18,0.0,0.0,100.0,0.0017632030649110675,0.010501365177333355,8.26974501251243e-05,0.000340888713253662,True,False,False,1.7485521151856998,2.6554874600505536,6.143907901582609,False,False,,,0.0,0,0.42687238135840744,NO_PROBLEM_FOUND
normal_001,NORMAL,19,0.0,0.0,100.0,0.0008019788656383753,0.01054671686142683,2.7670341296470724e-05,0.0001431153214070946,True,False,False,2.0444879123216997,3.0993429952035285,6.428221168098552,False,False,,,0.0,0,0.4247309808852151,NO_PROBLEM_FOUND
normal_005,NORMAL,18,0.0,0.0,100.0,0.002852602628991008,0.010095549747347832,0.00012345165305305272,0.00037478137528523803,True,False,False,2.4368916059973147,3.561852893683281,6.774852015093623,False,False,,,0.0,0,0.41131761739961803,NO_PROBLEM_FOUND
normal_012,NORMAL,39,0.0,0.0,100.0,0.000518369022756815,0.008016012609004974,2.7085394322057255e-05,0.00014464436389971524,True,False,False,3.3739617258808736,4.337520350202505,7.767740619463782,False,False,,,0.0,0,0.3235333916381933,NO_PROBLEM_FOUND
normal_019,NORMAL,39,0.0,0.0,100.0,0.001276221009902656,0.0072861784137785435,4.229518526699394e-05,0.00014637503772974014,True,False,False,1.7748062061141012,2.9614125792460744,6.127020781359585,False,False,,,0.0,0,0.29437463730573654,NO_PROBLEM_FOUND
normal_021,NORMAL,9,0.0,0.0,100.0,0.0016085817478597164,0.006304471753537655,0.00012068217620253563,0.00034355177194811404,True,False,False,1.379091886580108,2.457976419287235,5.764598316150339,False,False,,,0.0,0,0.2590499055804685,NO_PROBLEM_FOUND
normal_033,NORMAL,19,0.0,0.0,100.0,0.0005333811277523637,0.004813967738300562,0.00033421145053580403,0.0017405498074367642,True,False,False,0.8991791879162954,1.5562038443642812,3.6797369533661484,False,False,,,0.0,0,0.22736970568075776,NO_PROBLEM_FOUND
normal_009,NORMAL,19,0.0,0.0,100.0,0.0012413539225235581,0.004731246270239353,9.749204764375463e-05,0.0004912588628940284,True,False,False,2.104497481224937,3.183101871897606,6.49028478095436,False,False,,,0.0,0,0.1990750280674547,NO_PROBLEM_FOUND
normal_004,NORMAL,19,0.0,0.0,100.0,0.0007468371768482029,0.0047722626477479935,5.2205414249328896e-05,0.00011655717389658093,True,False,False,2.413789598682647,3.493561489279429,6.79120116242658,False,False,,,0.0,0,0.19322164938785136,NO_PROBLEM_FOUND
normal_002,NORMAL,19,0.0,0.0,100.0,0.0008502095006406307,0.004719899967312813,3.921333700418472e-05,0.00014434821787290275,True,False,False,2.052696198069763,3.1557818519441168,6.403720638481386,False,False,,,0.0,0,0.19168296304997057,NO_PROBLEM_FOUND
normal_013,NORMAL,39,0.0,0.0,100.0,0.0001976933708647266,0.0007674655062146485,2.0804553059861064e-05,4.575898856273852e-05,True,False,False,3.780179970192801,4.75985982539967,8.156495215809905,False,False,,,0.0,0,0.03161380001984071,NO_PROBLEM_FOUND
